Timestamp,Voltage Level (kV),Power Consumption (MW),Grid Load (MW),Frequency (Hz),Temperature (Â°C)
1/1/2023 0:00,232.4835708,1092.617755,1217.922652,50.03891805,18.24821725
1/1/2023 1:00,229.3086785,1190.941664,1160.956042,49.97244071,23.55481329
1/1/2023 2:00,233.2384427,860.1432426,1057.155644,49.95909006,17.07580079
1/1/2023 3:00,237.6151493,1056.296924,972.3675867,49.99983128,21.9203847
1/1/2023 4:00,228.8292331,934.9357431,1133.786798,49.99149077,6.06385333
1/1/2023 5:00,228.8293152,951.2874616,1097.218246,49.9773386,27.13293707
1/1/2023 6:00,237.8960641,940.7606076,1157.423186,50.03481937,25.01205475
1/1/2023 7:00,233.8371736,913.600923,1126.220616,50.04776526,16.82911369
1/1/2023 8:00,227.6526281,1004.852163,1175.946326,50.00442034,31.59245668
1/1/2023 9:00,232.7128002,916.9049884,985.7717746,50.0738765,34.37570138
1/1/2023 10:00,227.6829115,1027.045683,1208.087288,49.94291554,8.924401356
1/1/2023 11:00,227.6713512,994.9761891,1073.711953,49.99031703,17.37275221
1/1/2023 12:00,231.2098114,976.1051953,1299.031305,49.96415888,17.3085765
1/1/2023 13:00,220.4335988,909.2436338,967.2974618,49.90667317,15.60096899
1/1/2023 14:00,221.3754108,942.3228669,1258.315656,49.99586597,33.29474842
1/1/2023 15:00,227.1885624,1075.539123,1073.749294,49.99391262,23.06173861
1/1/2023 16:00,224.9358444,1050.091719,971.8298396,50.07567249,22.35485159
1/1/2023 17:00,231.5712367,902.2444755,991.9336999,50.03154058,4.961376356
1/1/2023 18:00,225.4598796,1009.933231,1011.558323,49.94879066,31.3541803
1/1/2023 19:00,222.9384815,1075.138712,1100.899914,50.09270463,12.60741605
1/1/2023 20:00,237.3282438,833.0594719,1112.740259,50.06105168,25.5993263
1/1/2023 21:00,228.8711185,1054.336019,981.1559995,50.02910489,27.77376938
1/1/2023 22:00,230.337641,933.7376241,1047.077449,49.9886758,38.60658596
1/1/2023 23:00,222.8762591,1057.059867,1307.072443,49.95202804,11.91179601
1/2/2023 0:00,227.2780864,923.6740843,1257.30518,49.98138966,-5.195121558
1/2/2023 1:00,230.5546129,819.5117899,1102.35884,50.05443743,26.83849545
1/2/2023 2:00,224.2450321,837.2457562,1054.560417,50.09422932,43.00511182
1/2/2023 3:00,231.8784901,1004.808495,1064.403759,50.07716218,37.38946353
1/2/2023 4:00,226.9968066,1025.97225,1123.622157,49.97555753,27.09659415
1/2/2023 5:00,228.5415313,909.5683375,927.2648922,49.94401913,20.08363814
1/2/2023 6:00,226.9914669,1063.859246,1019.114816,50.00704431,33.07122597
1/2/2023 7:00,239.2613909,833.8479938,849.7699111,49.91157803,15.264538
1/2/2023 8:00,229.9325139,993.3920201,1097.906775,50.01615839,29.76357769
1/2/2023 9:00,224.7114454,878.89838,1127.663513,49.99261987,30.05470159
1/2/2023 10:00,234.1127246,934.8163892,992.0176245,49.97669817,35.60209907
1/2/2023 11:00,223.8957818,1004.739867,1238.878412,49.92026485,52.59660039
1/2/2023 12:00,231.044318,913.9586635,902.9081204,50.02568001,28.92415967
1/2/2023 13:00,220.2016494,961.5444456,874.2750144,49.97336496,19.91036374
1/2/2023 14:00,223.3590698,1100.629281,1076.934218,49.94150416,24.74425688
1/2/2023 15:00,230.9843062,942.310813,1175.651796,49.85638689,7.309240951
1/2/2023 16:00,233.6923329,1083.569211,1252.071323,49.99862425,18.05286869
1/2/2023 17:00,230.8568414,887.0293145,994.9338885,50.08861258,20.90717562
1/2/2023 18:00,229.4217586,1052.980418,1179.4417,50.08306296,19.75911602
1/2/2023 19:00,228.4944815,1144.156862,1045.378984,49.97714519,26.52354872
1/2/2023 20:00,222.60739,752.83555,1029.284724,49.9698894,16.77580068
1/2/2023 21:00,226.400779,920.3104745,1156.039192,50.02343871,36.21030667
1/2/2023 22:00,227.6968061,1057.707213,1128.278745,49.95008073,25.00207065
1/2/2023 23:00,235.2856111,979.6954614,860.8329412,50.01508959,24.90699679
1/3/2023 0:00,231.7180914,1037.114587,1227.184842,50.03830401,21.72105283
1/3/2023 1:00,221.1847992,939.6014813,1215.610962,50.06134666,26.55190684
1/3/2023 2:00,231.6204198,1008.658979,974.9324758,49.9949923,33.25098265
1/3/2023 3:00,228.0745886,984.4322765,1097.496424,49.98981631,16.32869784
1/3/2023 4:00,226.61539,1116.778206,1109.283622,49.95610087,18.41883511
1/3/2023 5:00,233.0583814,1025.442084,1081.280852,49.95865598,21.96273971
1/3/2023 6:00,235.1549976,1033.760266,983.9633815,49.98867606,11.54129077
1/3/2023 7:00,234.6564006,958.8123034,969.4051958,50.01836828,16.8074214
1/3/2023 8:00,225.8039124,951.2393776,1046.933511,50.04567923,20.23779126
1/3/2023 9:00,228.4539381,956.7441812,1190.727482,49.95984105,33.74389181
1/3/2023 10:00,231.6563172,1039.445214,1115.232019,50.07463443,27.62561329
1/3/2023 11:00,234.8777256,957.9015519,1005.52628,49.98644382,26.93589911
1/3/2023 12:00,227.6041288,1028.977486,1142.603845,49.99893164,33.50897962
1/3/2023 13:00,229.0717051,1207.54008,708.1748855,49.96263942,23.62628212
1/3/2023 14:00,224.4683251,1087.11247,1187.851884,49.87878799,28.9046485
1/3/2023 15:00,224.0189669,967.3976468,841.2343465,50.04420227,23.96778247
1/3/2023 16:00,234.0626291,1120.121392,1006.507087,50.03684219,27.65362349
1/3/2023 17:00,236.7812001,959.1924627,915.6396126,49.98593362,19.17241342
1/3/2023 18:00,229.6399494,796.1875465,894.6382229,50.00334954,0.611828417
1/3/2023 19:00,235.0176645,899.1913689,1189.299214,50.02579696,23.65720838
1/3/2023 20:00,231.8081801,812.9208079,993.8758558,49.92187271,39.22748136
1/3/2023 21:00,226.7744012,964.8486516,1091.580466,49.97354737,34.26215402
1/3/2023 22:00,231.806978,1001.841838,1044.369531,50.03971323,34.65397485
1/3/2023 23:00,237.6901828,1167.643731,1107.244899,49.93728553,37.36130722
1/4/2023 0:00,229.8208698,1032.692737,1059.218627,50.0146779,25.88657591
1/4/2023 1:00,237.8232183,978.0899471,896.0409331,49.93217091,26.97315707
1/4/2023 2:00,216.9012745,1082.940558,1169.552018,50.0233215,18.82348105
1/4/2023 3:00,234.1095125,778.8864691,990.74921,49.99821793,21.83927144
1/4/2023 4:00,230.4352353,1023.561456,863.2101722,49.91924341,31.1577115
1/4/2023 5:00,228.5049632,1077.086519,998.6261807,50.05823697,37.03884437
1/4/2023 6:00,230.4588039,852.1413754,1230.091175,49.96327042,23.60553724
1/4/2023 7:00,220.0621554,1114.375404,1152.026609,49.95948738,20.49810735
1/4/2023 8:00,228.9016406,1033.849641,1008.161744,50.01002846,25.00527959
1/4/2023 9:00,231.7855629,958.4712086,1008.089075,50.05743187,31.01206749
1/4/2023 10:00,237.3894702,1063.278187,1011.403794,49.94920891,10.56145184
1/4/2023 11:00,227.4086489,1227.069286,1299.209758,50.00308399,2.038190469
1/4/2023 12:00,225.957532,1018.186626,1095.832254,50.02144083,19.49463151
1/4/2023 13:00,227.4912148,1024.822059,1101.604998,50.03465528,12.79287574
1/4/2023 14:00,234.5770106,954.06391,1173.634014,50.00882208,19.91859802
1/4/2023 15:00,231.6437555,915.0155631,1078.654699,49.98164861,23.52219681
1/4/2023 16:00,227.351199,1083.033582,1018.914943,49.95862049,20.46751591
1/4/2023 17:00,232.5663372,914.3916174,1026.438018,50.00430719,39.52467534
1/4/2023 18:00,230.4853877,1007.156624,1041.407849,49.94639305,28.26744765
1/4/2023 19:00,234.843225,952.2342553,1045.533332,49.85393248,28.0047436
1/4/2023 20:00,226.4897345,1047.897983,1137.315545,50.02182799,31.22207144
1/4/2023 21:00,228.3616893,1033.366211,1056.233506,50.04519674,13.61166882
1/4/2023 22:00,228.0394592,1103.753994,1137.916809,49.88185338,35.39111787
1/4/2023 23:00,222.6824253,948.9983601,1040.31401,49.94951346,24.24235713
1/5/2023 0:00,231.4806014,973.0125065,1059.436223,50.03095771,31.70480617
1/5/2023 1:00,231.3052764,902.1236284,810.2159179,50.10287477,14.28142767
1/5/2023 2:00,230.0255673,955.570674,1159.959321,50.00103969,9.46241234
1/5/2023 3:00,228.8270643,1037.730049,1091.578617,49.96359985,33.17889658
1/5/2023 4:00,222.9231463,1075.698862,1169.761213,49.99085518,28.76409526
1/5/2023 5:00,227.8967734,907.7834676,702.4493546,50.06874382,15.97948446
1/5/2023 6:00,228.2864274,1086.960592,1300.604965,49.96770179,16.30336919
1/5/2023 7:00,225.9886137,1135.563786,1033.249245,49.9600404,36.25434784
1/5/2023 8:00,229.1935714,1041.34349,1182.981938,49.97586282,13.10588107
1/5/2023 9:00,232.0202543,1187.679581,925.2112887,49.95233357,41.42672953
1/5/2023 10:00,239.4309295,922.6210801,1123.532869,50.00613352,15.99379265
1/5/2023 11:00,230.8728891,875.5345297,923.5901324,50.08123392,31.38391926
1/5/2023 12:00,231.287752,822.1279751,975.1477247,50.01615396,21.71381524
1/5/2023 13:00,229.6277704,1149.604431,1279.683762,49.98738232,31.03187431
1/5/2023 14:00,220.4061439,1065.436566,1027.118112,49.98540944,19.55885998
1/5/2023 15:00,229.8674306,994.4415329,1076.091945,49.92184046,23.37207094
1/5/2023 16:00,230.301151,1027.996863,1154.408128,50.04415549,25.40919175
1/5/2023 17:00,242.3162106,887.4510953,1109.481827,49.99610814,14.97812544
1/5/2023 18:00,229.0381952,1244.575198,1068.050269,49.990976,32.40824345
1/5/2023 19:00,231.5077367,1012.922118,1093.79532,50.15965538,19.86786434
1/5/2023 20:00,229.8264412,1010.939479,1338.40987,50.01493765,22.71400085
1/5/2023 21:00,224.1566098,1072.576662,1043.085744,49.96241045,15.05650625
1/5/2023 22:00,235.7141141,1048.100923,1074.131886,49.97868212,-0.623336588
1/5/2023 23:00,233.7596652,1022.388402,1176.078528,50.05742229,23.08972237
1/6/2023 0:00,233.9551597,920.9525545,1182.663112,50.00566352,49.12615422
1/6/2023 1:00,225.4530627,1047.146836,1192.443637,49.9280861,32.84604288
1/6/2023 2:00,237.0139716,1188.20245,1126.647627,50.04596145,24.8073962
1/6/2023 3:00,222.9907447,1134.542005,912.8394105,49.9665928,22.37109171
1/6/2023 4:00,232.9342855,1159.318663,1246.011784,50.09366489,25.22465893
1/6/2023 5:00,240.9522781,948.8784324,912.4385528,50.0540024,30.47119115
1/6/2023 6:00,225.0473184,901.039518,1086.316256,49.97763391,13.19187185
1/6/2023 7:00,227.1685114,987.421308,959.486898,50.06405082,36.14321695
1/6/2023 8:00,230.4982568,1005.572491,1042.303398,50.00339278,32.15381315
1/6/2023 9:00,227.4826217,1109.419152,1089.451489,50.04263868,32.18185726
1/6/2023 10:00,222.2466828,830.753537,1088.562866,50.02423664,29.38475739
1/6/2023 11:00,230.3428149,1152.955032,1100.630491,49.95768217,25.19616658
1/6/2023 12:00,224.6884814,984.1992101,1243.645352,49.96782251,31.72861236
1/6/2023 13:00,232.3679622,957.311893,1104.424116,50.05149804,30.91814134
1/6/2023 14:00,225.4028788,898.7895625,1020.701204,49.98326123,21.45959289
1/6/2023 15:00,237.749672,834.5143328,1165.69046,49.97981758,19.26398227
1/6/2023 16:00,226.0837335,1082.317058,1192.736459,49.95224387,26.01856295
1/6/2023 17:00,228.3896924,1007.331797,902.6870622,50.02117995,40.49020151
1/6/2023 18:00,234.0675861,871.00391,1121.688008,50.10312625,12.60892924
1/6/2023 19:00,223.8456784,870.4921228,1134.140729,49.94662335,10.32474734
1/6/2023 20:00,231.1372997,966.4215301,1014.29238,50.00121097,26.64760841
1/6/2023 21:00,236.5357138,1166.902153,1215.084818,50.07061103,25.50887702
1/6/2023 22:00,221.9625838,974.0408649,1031.99333,49.99601793,26.73341664
1/6/2023 23:00,230.9231693,849.6857047,1065.069174,50.02261859,27.43953198
1/7/2023 0:00,231.299414,975.4256936,1029.231381,49.94688032,22.76797745
1/7/2023 1:00,233.9091144,972.727643,1051.869486,50.02141535,39.89863439
1/7/2023 2:00,223.8152464,730.3113357,918.4469896,49.99064279,8.990960215
1/7/2023 3:00,223.3977169,994.5705133,877.1938941,50.0492865,16.71502975
1/7/2023 4:00,232.6097078,976.906547,1241.340608,50.0593693,23.9674524
1/7/2023 5:00,231.4849234,1069.620636,948.3646382,50.12947818,8.568111888
1/7/2023 6:00,231.2524643,1184.895609,931.0329181,50.02898166,23.24145596
1/7/2023 7:00,231.732241,1112.656503,791.5931864,50.01628982,41.61470166
1/7/2023 8:00,226.5998764,973.1111309,973.3245903,50.00971922,25.20886488
1/7/2023 9:00,231.1612685,889.3474091,891.2292248,49.98234169,27.30700906
1/7/2023 10:00,231.4653624,1257.33598,1247.041819,50.01692419,12.39835235
1/7/2023 11:00,226.4282429,1005.921843,1171.178051,49.98522993,18.83638592
1/7/2023 12:00,239.3288726,1001.392929,967.4219586,50.00842305,21.2480362
1/7/2023 13:00,232.3691646,997.5874913,1320.292297,50.06587988,21.82284903
1/7/2023 14:00,224.0434825,1019.808476,1167.811858,49.94967287,37.81643795
1/7/2023 15:00,233.282768,985.5639588,1011.020234,50.05699393,30.57691061
1/7/2023 16:00,225.1265916,942.6337993,750.0713142,50.06585575,13.88542043
1/7/2023 17:00,233.935423,945.3141059,1324.913109,49.99409657,27.46504778
1/7/2023 18:00,235.7929779,996.724673,883.251304,49.89390726,29.98221748
1/7/2023 19:00,225.8965884,945.6575229,852.5521504,49.9696089,36.40149039
1/7/2023 20:00,234.8168806,928.7154217,1172.708452,50.06484973,40.80540687
1/7/2023 21:00,232.0639046,1010.643023,1342.770289,49.9988566,14.84905808
1/7/2023 22:00,234.1103008,974.5022783,1216.112738,49.95003489,16.89142489
1/7/2023 23:00,239.4839649,1150.399299,1117.669094,49.97476125,12.42422141
1/8/2023 0:00,228.7730594,734.9030192,1121.370521,50.042031,22.65980141
1/8/2023 1:00,226.2313192,1109.150685,1152.409867,50.02733668,29.66358374
1/8/2023 2:00,225.5524279,1124.608519,1141.071431,49.9880534,34.87334517
1/8/2023 3:00,225.9209486,792.6609768,1083.742971,49.98165878,24.24048976
1/8/2023 4:00,229.6144915,965.7312406,1062.504132,49.98041209,21.80152477
1/8/2023 5:00,231.7057599,962.8559134,1042.488825,49.95387949,26.51757992
1/8/2023 6:00,231.383454,859.2488305,959.5242493,50.08076878,16.64857098
1/8/2023 7:00,234.1359162,922.2183312,1016.318991,49.98388398,45.89538722
1/8/2023 8:00,230.0650095,888.9424155,846.8451823,50.06085793,8.923389729
1/8/2023 9:00,237.2676704,1175.227044,1038.199245,50.0760658,26.84740579
1/8/2023 10:00,228.6767158,1093.567839,931.3690671,50.04991554,45.23606219
1/8/2023 11:00,243.6008458,1127.155509,917.5692819,49.97841898,25.06799845
1/8/2023 12:00,233.1283367,1072.167206,1071.587298,50.0201865,23.09960965
1/8/2023 13:00,225.7142122,887.0948229,1217.040274,49.99879022,21.42554577
1/8/2023 14:00,224.6455375,947.5479734,1160.197993,49.95481491,23.19608318
1/8/2023 15:00,232.4123621,1048.937456,861.5399276,50.01621796,38.72848475
1/8/2023 16:00,228.8826861,877.7872191,931.2446236,49.94104801,2.881380887
1/8/2023 17:00,233.5700025,1071.299843,1162.892543,50.05938397,40.33433701
1/8/2023 18:00,232.3661881,975.9674602,932.1015128,49.97676914,10.76042848
1/8/2023 19:00,229.6358554,962.5179192,1023.044022,50.01005798,22.33347671
1/8/2023 20:00,225.7660314,1071.095997,1116.006252,50.01416439,20.7075558
1/8/2023 21:00,222.4257639,1044.426331,933.7986654,49.98705475,30.8855327
1/8/2023 22:00,227.7674252,963.9033834,1062.645061,50.02933469,9.018756481
1/8/2023 23:00,234.281994,1115.93298,889.9169406,49.97625482,29.62172666
1/9/2023 0:00,231.0704687,891.8936672,977.8358827,50.04356486,45.24309623
1/9/2023 1:00,223.7713061,1061.593561,1088.373832,49.93270102,11.36825995
1/9/2023 2:00,230.8659046,1059.310126,858.840752,50.00631898,26.89706168
1/9/2023 3:00,231.9265869,969.0453561,1102.856969,50.09694645,18.38017822
1/9/2023 4:00,225.5807128,1032.613302,1047.643464,49.94998343,29.25887206
1/9/2023 5:00,230.7686255,874.8886424,1116.298795,49.96611275,25.19147777
1/9/2023 6:00,230.2910436,1092.402702,1076.869696,50.02569539,18.58513091
1/9/2023 7:00,224.2851485,981.5097864,1213.696852,50.00897909,29.87872285
1/9/2023 8:00,231.7889368,947.7276979,1065.02694,50.0175315,43.0434811
1/9/2023 9:00,232.8039226,1104.900923,998.4713351,50.02445936,23.09096208
1/9/2023 10:00,235.4152562,929.5656309,1064.6757,50.03173607,32.19757942
1/9/2023 11:00,235.2690103,859.1538704,1115.195763,50.05548499,12.06727042
1/9/2023 12:00,223.1116532,844.3370826,1055.863208,50.02049093,15.43563623
1/9/2023 13:00,225.3108748,1060.600995,1054.871003,49.98793712,29.72406278
1/9/2023 14:00,232.5751763,871.9570648,965.7609975,50.03362869,39.84116029
1/9/2023 15:00,232.5689298,1175.479418,970.4518899,50.0949941,28.55613349
1/9/2023 16:00,232.5752384,791.8070592,881.6873674,49.99336831,21.86941969
1/9/2023 17:00,249.2636575,1169.645637,1259.949209,49.95127353,24.99291405
1/9/2023 18:00,232.8544526,1021.101747,900.7364118,50.05535403,12.49592266
1/9/2023 19:00,235.6778282,990.3286888,966.8513763,49.99398094,31.04515326
1/9/2023 20:00,234.7700088,945.5080913,963.7911281,49.89136652,33.82333062
1/9/2023 21:00,233.2569563,1039.913611,1157.390925,50.04237108,20.47909667
1/9/2023 22:00,228.4236538,996.2365298,1014.606039,49.97323359,20.29957852
1/9/2023 23:00,233.7948461,1110.330188,1199.729049,49.99547334,27.6587823
1/10/2023 0:00,226.1358739,1011.422765,969.1811251,50.01659902,20.63280264
1/10/2023 1:00,228.815907,1015.030176,1083.479299,50.00952498,24.33867385
1/10/2023 2:00,227.5731823,963.6387788,949.7583536,50.03547259,45.99721789
1/10/2023 3:00,230.4093707,994.3054376,1307.417895,49.97822568,22.52974299
1/10/2023 4:00,241.5732928,1030.780177,907.4881897,50.02565529,21.41659848
1/10/2023 5:00,220.663674,828.9831607,1087.178485,49.98702267,18.52458194
1/10/2023 6:00,233.431301,865.1814578,1126.053226,50.03694052,32.44191971
1/10/2023 7:00,221.9364206,1074.326409,1099.655892,50.03076837,23.18775827
1/10/2023 8:00,227.6403407,1017.086544,1027.765481,49.95322806,18.50626962
1/10/2023 9:00,235.444753,981.6016664,1034.421516,50.05429911,38.21304032
1/10/2023 10:00,230.3214001,1001.843393,1055.257377,49.97320183,39.19603005
1/10/2023 11:00,224.6112761,1034.758171,1032.35976,50.04040289,18.99576434
1/10/2023 12:00,226.4234815,946.024032,1165.665494,50.01836437,6.334600486
1/10/2023 13:00,233.3979887,922.1695275,1315.26276,50.09190918,35.0751369
1/10/2023 14:00,226.3481668,1019.584526,983.1009858,49.9888267,18.15370174
1/10/2023 15:00,231.0822929,902.1627222,885.6236425,49.98253416,32.90625599
1/10/2023 16:00,230.2278592,1040.825276,1039.406154,49.99902902,5.298961823
1/10/2023 17:00,226.7419983,829.7416396,1359.565121,49.98484101,33.92597338
1/10/2023 18:00,240.7197204,1102.915564,953.5590518,50.0399971,12.88828071
1/10/2023 19:00,233.1695951,1047.259748,1246.694017,49.91918447,32.30764119
1/10/2023 20:00,219.8742871,1025.602973,1251.324098,49.94731588,25.14273068
1/10/2023 21:00,230.9322716,1098.269098,983.569411,49.94660985,15.46060581
1/10/2023 22:00,226.6910677,1166.547444,1118.27797,50.04751538,20.92963687
1/10/2023 23:00,234.2621667,1101.437007,1245.407595,50.08553067,31.86318457
1/11/2023 0:00,226.0373963,815.9125769,1004.504671,49.99477754,26.05894453
1/11/2023 1:00,229.4263178,872.0423033,1025.570357,49.99155891,30.8441298
1/11/2023 2:00,232.5249364,937.5181422,980.1982903,50.00350261,44.76440585
1/11/2023 3:00,234.328776,1002.609105,928.2291923,50.05809392,9.357583883
1/11/2023 4:00,223.998518,1051.765902,972.0866946,49.95363234,41.17212575
1/11/2023 5:00,228.3274938,927.4256187,903.127168,50.01191845,26.04355938
1/11/2023 6:00,227.6252734,1018.676676,1054.090016,50.04875988,16.01215952
1/11/2023 7:00,226.7333538,924.4617068,957.6032123,50.02505471,11.69686374
1/11/2023 8:00,238.8272712,938.8482197,1078.054309,50.00947908,23.10879609
1/11/2023 9:00,232.0249086,859.3338903,863.2925225,50.0500523,34.21650112
1/11/2023 10:00,223.6955802,907.6766754,1089.705628,49.86483839,23.7245088
1/11/2023 11:00,234.5893097,864.8315394,1150.023475,50.03389377,40.1115493
1/11/2023 12:00,240.610781,902.4126747,810.7517229,49.96729622,10.4882431
1/11/2023 13:00,235.1623263,1105.36418,1094.886788,49.90846836,24.87911052
1/11/2023 14:00,222.4031502,905.0601111,1197.320279,50.02556013,12.47606556
1/11/2023 15:00,227.5788296,1263.238206,904.8430778,50.06868293,28.63631883
1/11/2023 16:00,236.3345557,1049.33179,1250.708686,49.99312757,33.8688739
1/11/2023 17:00,226.4616527,1018.483612,1100.282281,50.04764373,20.79238206
1/11/2023 18:00,232.2190971,914.164222,965.3985773,50.08061391,-1.042138566
1/11/2023 19:00,233.8731703,1070.030988,1043.307711,50.06574572,26.98948147
1/11/2023 20:00,225.3653476,942.4362174,1116.99923,50.08199823,29.36738552
1/11/2023 21:00,229.7023732,1012.200981,1059.120647,50.03710637,29.04294755
1/11/2023 22:00,213.7936633,1256.008454,1114.650719,50.00377168,37.35782192
1/11/2023 23:00,224.8780618,990.39401,939.5191688,49.91990171,14.2894632
1/12/2023 0:00,228.7371592,1114.927333,1070.323299,49.98769688,31.80216105
1/12/2023 1:00,223.7610841,929.6823575,880.3542604,49.95783767,36.92507512
1/12/2023 2:00,238.1620565,996.501151,1036.652873,50.10854714,7.21412416
1/12/2023 3:00,222.8492931,1177.080064,941.531083,49.99120571,28.19651826
1/12/2023 4:00,227.7997776,937.3032942,961.7364069,50.00616024,19.95820169
1/12/2023 5:00,230.6537029,1181.244856,1198.331181,50.02757427,24.18477327
1/12/2023 6:00,237.2063664,1070.775194,1180.957214,50.00218012,28.47676484
1/12/2023 7:00,222.8206892,943.7533224,1123.096575,50.08475255,20.12771436
1/12/2023 8:00,235.8158188,1063.240774,918.9224682,49.96886753,18.24291921
1/12/2023 9:00,230.0511653,1097.255445,1012.030986,50.00973037,25.34152417
1/12/2023 10:00,225.0924567,1062.180996,1195.571724,49.96287647,14.12754061
1/12/2023 11:00,232.3105174,842.977528,1067.00603,49.93399887,14.14174871
1/12/2023 12:00,230.9952985,927.2862824,1328.319545,49.96941155,31.79373283
1/12/2023 13:00,226.9989156,975.2481364,1097.198141,49.99814816,13.51205965
1/12/2023 14:00,230.3490104,992.5566571,1073.045894,49.97853489,31.66312501
1/12/2023 15:00,228.073432,1062.06721,1012.906024,49.96537895,29.62591293
1/12/2023 16:00,230.5675867,1017.7701,1066.024909,49.92968413,7.741932712
1/12/2023 17:00,233.3106534,866.4655641,1031.70362,49.99584472,18.22435348
1/12/2023 18:00,237.9300841,1038.019785,1134.973041,49.92476398,36.94109403
1/12/2023 19:00,223.8109225,1061.058575,1164.804278,50.0380028,15.18834469
1/12/2023 20:00,240.6651669,1055.979045,955.6812647,50.00412199,20.35595738
1/12/2023 21:00,220.239561,1108.078073,890.2520456,49.92712243,29.62060893
1/12/2023 22:00,229.2410745,1083.392215,829.6553552,49.98453955,32.83390509
1/12/2023 23:00,232.941586,1045.918008,1110.958959,49.96239218,22.48461114
1/13/2023 0:00,231.4049593,992.9834289,917.5960073,50.01595873,19.02489805
1/13/2023 1:00,226.8865024,833.9039066,791.6531288,50.06702252,39.22369862
1/13/2023 2:00,228.9593887,1042.961822,1096.629433,49.90624138,42.38899664
1/13/2023 3:00,227.5349953,1020.768769,1349.159942,50.0057513,34.78858051
1/13/2023 4:00,227.0531762,1027.157884,1049.271491,49.99199336,25.85318143
1/13/2023 5:00,234.2480105,872.3251424,1150.618893,50.033567,16.91734278
1/13/2023 6:00,231.7850774,891.894346,1059.819523,50.01065983,16.69555593
1/13/2023 7:00,226.535452,1105.315285,1038.133242,49.96240153,30.22514105
1/13/2023 8:00,234.4979994,996.0444846,1160.289178,49.9840473,29.18398221
1/13/2023 9:00,231.5364976,1068.15007,1015.167055,49.96019871,39.01598593
1/13/2023 10:00,234.0643106,1002.831838,1082.087078,50.05380036,31.50450093
1/13/2023 11:00,233.1481442,1002.975614,1088.603737,50.00106558,9.969196982
1/13/2023 12:00,225.8550249,1093.828381,969.8291456,50.09505953,35.51947618
1/13/2023 13:00,227.1990948,948.3955272,1169.045082,49.99696696,15.01939373
1/13/2023 14:00,233.736468,1009.612078,1029.004829,49.96457966,21.16028728
1/13/2023 15:00,233.0518513,953.7724711,959.3105809,49.92431428,27.50200206
1/13/2023 16:00,229.895492,956.5503773,1114.381181,49.90984302,44.9566749
1/13/2023 17:00,230.5866369,969.0827877,942.1838422,49.9207932,56.09918556
1/13/2023 18:00,236.3883245,1022.213377,1053.381739,50.01335633,31.06723059
1/13/2023 19:00,227.0421431,952.1251378,1048.90572,50.02543625,23.16803381
1/13/2023 20:00,232.7354869,1125.575613,1180.307468,49.92094046,30.34505648
1/13/2023 21:00,228.9890367,910.5392698,1106.963788,50.04475192,33.87655426
1/13/2023 22:00,228.911594,981.3128356,1046.996765,49.97584695,21.79332374
1/13/2023 23:00,235.4938843,956.0268942,1148.131956,50.00733965,42.95211356
1/14/2023 0:00,234.1270817,1144.697788,1216.824906,50.08061103,27.30070759
1/14/2023 1:00,234.0675482,1019.655478,1116.937237,50.04484197,29.97743089
1/14/2023 2:00,236.527394,1103.184454,1051.242314,49.98657347,31.65924252
1/14/2023 3:00,230.1050192,851.4439627,892.5796521,49.95544039,29.21586611
1/14/2023 4:00,233.4097649,1026.705027,922.1863604,49.89240923,33.389405
1/14/2023 5:00,228.4486662,1088.96308,1013.373035,49.96404233,18.82746813
1/14/2023 6:00,231.6208318,1008.228399,976.8585357,49.98944349,19.41698246
1/14/2023 7:00,229.3492847,1106.548038,1027.563444,49.95064102,13.99845767
1/14/2023 8:00,230.4849798,948.271155,1056.797991,49.99343715,29.39501231
1/14/2023 9:00,232.9757851,1140.934744,1113.563131,50.00384259,32.78936504
1/14/2023 10:00,225.9088966,1229.889812,1041.540147,49.9887572,29.57772866
1/14/2023 11:00,240.4619364,963.716144,1108.380197,49.96749987,41.74492433
1/14/2023 12:00,224.9699131,955.4497479,1057.73693,50.00843273,24.94403981
1/14/2023 13:00,223.9290569,1145.338448,812.944012,50.02209703,31.68741656
1/14/2023 14:00,235.7905544,1157.957215,937.2797527,49.94548005,14.08299124
1/14/2023 15:00,233.9583135,947.7139973,1032.709493,50.07054662,21.12900298
1/14/2023 16:00,233.1205991,957.9813183,904.8366309,49.99507059,31.95537758
1/14/2023 17:00,233.1417275,971.8215391,1121.991448,50.00094248,33.49102111
1/14/2023 18:00,229.9387661,865.5549489,1233.6901,50.03541072,22.06033052
1/14/2023 19:00,225.5137281,908.1348054,1196.251422,50.01166081,24.28400748
1/14/2023 20:00,230.3790228,899.5859233,1024.386855,50.04765683,9.821262533
1/14/2023 21:00,226.6141914,923.2202435,1228.887136,50.01435621,21.42970799
1/14/2023 22:00,234.8755987,996.5315113,1067.840095,49.96937813,33.90383164
1/14/2023 23:00,229.2647131,1023.421473,1009.549683,50.01807518,30.75205016
1/15/2023 0:00,225.872514,1155.050049,976.3916804,49.94281369,30.00665721
1/15/2023 1:00,228.3930708,900.1645959,1013.703638,50.00542799,25.49773687
1/15/2023 2:00,232.0646573,1098.43224,1003.418782,49.9983385,25.07063159
1/15/2023 3:00,227.1813772,978.6011156,1070.449947,49.98959416,18.39678861
1/15/2023 4:00,225.888898,995.053629,1069.268878,49.99357312,31.9882842
1/15/2023 5:00,231.2184361,1067.481949,1050.365522,49.90590755,29.20972944
1/15/2023 6:00,231.2248329,887.7277978,1102.43258,49.97256375,29.92018848
1/15/2023 7:00,227.4652841,1038.240975,1192.877553,50.00464225,19.73965157
1/15/2023 8:00,227.6448085,1016.645221,1163.946496,50.00799282,3.466570801
1/15/2023 9:00,231.1602497,1049.245126,871.8122438,49.94861624,35.97152712
1/15/2023 10:00,222.7595783,1028.916864,743.5294638,50.06328539,20.21162544
1/15/2023 11:00,222.9626811,1245.530014,1162.118389,49.95669126,16.37224236
1/15/2023 12:00,226.4077789,936.2260016,885.9745562,50.04847286,31.93478912
1/15/2023 13:00,228.9327642,946.9003045,1023.028152,50.02135972,21.0798736
1/15/2023 14:00,231.5545378,937.6859474,909.5864369,49.96768863,35.59936384
1/15/2023 15:00,237.3767811,944.4522881,833.7623475,50.08876554,31.1700595
1/15/2023 16:00,234.2882981,936.2612873,1114.975527,49.94031816,31.83569323
1/15/2023 17:00,229.2003074,1118.901653,1141.098619,50.04595771,11.34044289
1/15/2023 18:00,229.904919,1142.050425,980.8187519,50.05002912,37.11943985
1/15/2023 19:00,224.9873532,942.9253706,739.0749249,49.96646899,27.61250531
1/15/2023 20:00,229.9074343,916.7644427,984.4506662,50.06962327,21.30722861
1/15/2023 21:00,228.5567068,1047.141556,1097.016481,49.98749767,26.43388467
1/15/2023 22:00,231.6135928,944.7776956,872.5306117,50.01443468,7.237647671
1/15/2023 23:00,225.8638453,1063.293182,1072.00319,50.01301609,29.08652811
1/16/2023 0:00,232.5967326,1020.292302,1048.162818,49.99328456,14.70628492
1/16/2023 1:00,237.6636946,848.4255885,1119.51498,50.04054041,11.47329714
1/16/2023 2:00,229.4561993,1154.75052,1064.349644,50.03967444,9.776408138
1/16/2023 3:00,232.0085586,1179.587767,933.2317271,49.9125734,36.12688375
1/16/2023 4:00,233.45072,938.721131,1193.58858,50.06521701,18.70736606
1/16/2023 5:00,227.9938976,961.229844,1030.976451,49.9168754,40.3372771
1/16/2023 6:00,231.1204624,1028.586539,1046.723455,50.05162731,19.64198537
1/16/2023 7:00,230.062962,1033.445679,938.0078449,50.05633526,7.926420424
1/16/2023 8:00,230.4883805,1065.854427,996.8061299,49.94545168,13.8347556
1/16/2023 9:00,226.1349511,1201.020454,943.8236743,49.97945929,37.3581162
1/16/2023 10:00,230.1225509,982.3052773,1029.246473,49.94471477,23.44101822
1/16/2023 11:00,232.4899915,920.1702755,1255.405018,49.98925395,19.51712704
1/16/2023 12:00,237.255718,862.0680772,885.3718628,49.98459829,26.60018226
1/16/2023 13:00,234.7963541,926.906996,856.3726323,50.03898303,30.01782736
1/16/2023 14:00,240.7659123,996.6873027,1226.540439,50.06551544,36.17398816
1/16/2023 15:00,226.1632622,1179.455786,1024.881159,50.06978419,39.4849923
1/16/2023 16:00,234.3616032,948.2388701,969.7112714,49.9718916,21.40231354
1/16/2023 17:00,230.91671,1022.378795,1174.788562,49.98953891,11.73952314
1/16/2023 18:00,240.9490147,998.3577104,977.3261352,49.91582809,20.86534839
1/16/2023 19:00,225.9585086,1118.839327,1269.121166,49.9597065,27.60280507
1/16/2023 20:00,225.8013908,1252.693243,1131.351105,50.04824258,15.36241074
1/16/2023 21:00,227.0030368,946.9131227,991.450631,50.08077914,15.42849085
1/16/2023 22:00,219.3805214,951.0560557,1308.876986,49.93828256,28.43787882
1/16/2023 23:00,227.3712249,1104.416088,977.3142092,49.97037679,24.51347648
1/17/2023 0:00,226.2043367,1068.189149,1139.051445,49.99867971,25.32796995
1/17/2023 1:00,230.7519689,1184.670733,1085.91511,50.01400806,17.41504665
1/17/2023 2:00,231.7087799,1058.392819,1206.208955,49.95951982,22.69599286
1/17/2023 3:00,239.3808542,964.0707909,1237.381344,50.02120305,15.75766856
1/17/2023 4:00,234.7521192,1059.065483,1053.840498,49.97630803,33.90198411
1/17/2023 5:00,227.1154817,1110.870358,959.5898556,49.99927739,35.35249335
1/17/2023 6:00,225.5079266,1082.048218,1105.196657,50.02731421,6.538121378
1/17/2023 7:00,232.4595959,1050.727403,968.6741556,50.00032111,15.7048914
1/17/2023 8:00,223.398834,1106.667469,1291.60647,49.97818071,10.03470745
1/17/2023 9:00,239.1572938,1116.929559,1066.38424,49.99451951,18.49976066
1/17/2023 10:00,235.8972006,1138.215899,1006.161414,49.99558185,24.1656203
1/17/2023 11:00,227.6541217,1064.870989,1072.161637,49.98149945,10.5035478
1/17/2023 12:00,221.4343274,983.288192,888.3448453,49.9870602,15.78140187
1/17/2023 13:00,236.7693619,1014.671369,933.4063154,50.07993236,14.96042628
1/17/2023 14:00,229.4273008,1120.650897,1194.049669,50.02804597,27.07267329
1/17/2023 15:00,236.1890816,918.3064329,971.1726865,49.98522598,25.69344337
1/17/2023 16:00,222.0278617,1036.867331,924.3706821,50.03484772,17.78262447
1/17/2023 17:00,227.0031249,960.6661188,1114.39833,49.98330903,26.76820872
1/17/2023 18:00,230.0262185,1002.874482,1192.284499,50.05865623,19.53319915
1/17/2023 19:00,230.234903,1127.845186,1136.274397,50.01848211,22.2834489
1/17/2023 20:00,227.7496726,1019.109907,1169.525722,49.99463489,41.7345209
1/17/2023 21:00,233.1142497,1004.643655,959.1845894,50.02238585,38.40461052
1/17/2023 22:00,224.6618979,864.0143859,879.38272,49.92145619,12.00418763
1/17/2023 23:00,229.2881026,1074.625357,1230.160038,49.94366163,33.29732418
1/18/2023 0:00,230.6014782,1064.548418,1011.278419,49.94030375,33.11396554
1/18/2023 1:00,232.5721942,1216.325472,1019.900038,50.00714715,13.51736711
1/18/2023 2:00,233.5580744,969.2221765,1209.383297,50.08662575,33.18777644
1/18/2023 3:00,224.3767895,1021.915033,1116.747601,50.11156501,40.37931918
1/18/2023 4:00,222.3294291,1024.938368,1104.706533,50.03190256,13.77455194
1/18/2023 5:00,236.3883841,1157.745328,1309.800281,50.02504222,15.82497179
1/18/2023 6:00,231.6615701,990.4704468,972.7778124,49.90994711,35.17661467
1/18/2023 7:00,226.2575673,1027.902153,1161.340815,49.97286631,27.71495311
1/18/2023 8:00,237.7557599,1060.789651,1056.841575,49.96061081,30.51476275
1/18/2023 9:00,230.5783732,1018.660912,1082.231073,49.96895762,28.40589216
1/18/2023 10:00,235.8964859,955.3566385,1233.416211,49.99159281,28.90695921
1/18/2023 11:00,230.3375924,1019.408999,1110.940291,49.97639547,11.73527872
1/18/2023 12:00,240.3037396,1107.363175,1114.595529,49.90103501,35.47317707
1/18/2023 13:00,238.7767042,897.3484701,1178.70088,50.03739551,36.69589992
1/18/2023 14:00,228.7551793,1013.296967,1006.205672,49.94636285,22.70609256
1/18/2023 15:00,234.8578548,929.9879185,949.2948399,50.01196234,24.5652305
1/18/2023 16:00,233.2268797,1119.504663,924.6228967,50.10370413,9.688924974
1/18/2023 17:00,236.8431578,847.6813095,814.0372093,49.95403077,30.14254756
1/18/2023 18:00,225.1753827,944.1078153,1296.744856,49.87348562,30.72057442
1/18/2023 19:00,233.4302573,1037.721188,917.6149961,49.98569979,24.37808983
1/18/2023 20:00,235.2921224,1156.552403,1023.449565,50.05504798,36.2435336
1/18/2023 21:00,221.2063026,993.4249739,1016.782404,50.09791737,21.65922769
1/18/2023 22:00,224.0837074,944.4800473,1086.888804,49.93852252,30.64605926
1/18/2023 23:00,219.8038391,1188.115707,1147.888466,50.02483496,14.80335661
1/19/2023 0:00,228.6529658,855.19861,1153.256819,49.97673448,24.76447849
1/19/2023 1:00,233.5877113,780.1194043,980.0307074,49.99470258,23.25645742
1/19/2023 2:00,237.5117853,1044.001445,1029.945394,50.13221717,27.25307922
1/19/2023 3:00,230.3704739,949.7945776,1083.909594,49.92485148,21.30473071
1/19/2023 4:00,238.1430777,897.8767183,1020.157065,50.01268698,23.68527404
1/19/2023 5:00,223.0994927,1070.835645,1242.881469,50.02338466,33.26047171
1/19/2023 6:00,221.4830878,1024.380071,1108.916994,50.05428932,20.63235763
1/19/2023 7:00,229.7222615,943.5921369,1138.185334,50.00489916,8.934228993
1/19/2023 8:00,231.9203272,871.9695601,1129.545752,50.01540253,42.49583904
1/19/2023 9:00,229.8365263,1087.245733,1190.816863,49.98041757,38.81454079
1/19/2023 10:00,219.6627895,1065.020118,1071.722587,50.01345635,12.07737305
1/19/2023 11:00,229.5543998,990.0824136,894.3801662,49.98284039,31.89707805
1/19/2023 12:00,223.4776525,1184.6637,1097.962554,50.03107859,19.97025229
1/19/2023 13:00,233.3483627,892.9915234,971.8371727,49.98151948,27.63487215
1/19/2023 14:00,231.8329912,847.4474829,986.5659982,50.01885502,27.94224129
1/19/2023 15:00,225.3006011,930.809193,1120.363682,49.99853686,22.655922
1/19/2023 16:00,227.4306654,995.4413984,1198.593969,50.05630251,17.16234334
1/19/2023 17:00,224.7039324,1024.333945,1052.552589,49.99743031,18.09458948
1/19/2023 18:00,229.6866045,975.8763942,1087.059962,49.91134838,15.83808085
1/19/2023 19:00,234.7757116,1035.20554,1254.265793,50.06309608,16.68177792
1/19/2023 20:00,225.0713698,874.8460576,1078.890382,49.95471338,24.3282171
1/19/2023 21:00,232.5202326,1144.37646,1362.201974,49.96731168,17.84240011
1/19/2023 22:00,227.3487119,991.7848822,1117.861157,49.97021694,31.82052066
1/19/2023 23:00,226.0356358,1111.729583,838.7084689,50.0687219,39.87246155
1/20/2023 0:00,229.4648482,1034.272535,1140.400995,49.89321629,19.19946759
1/20/2023 1:00,224.8237884,1045.675322,1095.739006,50.15688743,27.39404501
1/20/2023 2:00,227.2317535,1056.976728,1204.77033,50.05280284,29.9968511
1/20/2023 3:00,224.0106105,1044.770856,1130.781762,50.01116195,29.72002271
1/20/2023 4:00,239.8236257,1064.272276,1033.385282,49.9972553,25.75955268
1/20/2023 5:00,230.1763178,1132.915253,903.0842116,50.0142777,32.42682418
1/20/2023 6:00,226.5013725,1019.652117,1024.917209,50.02605612,29.82248953
1/20/2023 7:00,231.0698996,1070.900376,947.9375455,50.03226078,12.62337578
1/20/2023 8:00,229.4383598,991.0264306,980.337186,50.02778022,33.69156064
1/20/2023 9:00,228.895152,1144.011722,1120.629409,50.00447903,33.87290837
1/20/2023 10:00,233.0708335,932.3607698,1250.388541,49.99013308,17.36713896
1/20/2023 11:00,233.7875386,1180.094043,1097.360584,49.99243634,25.37937835
1/20/2023 12:00,227.3474943,995.9842049,906.4940326,49.99025459,31.83328993
1/20/2023 13:00,227.1209088,856.9224898,1103.35232,50.0566885,22.9068618
1/20/2023 14:00,228.6247415,1012.810441,1193.595778,50.02967784,35.72978048
1/20/2023 15:00,218.4903942,931.8948343,976.8260515,49.85298057,48.63872495
1/20/2023 16:00,222.4240447,1084.064355,1033.91794,50.03279504,17.14013967
1/20/2023 17:00,236.8343713,934.7376021,1051.762583,50.00973681,11.18955397
1/20/2023 18:00,238.2248386,955.3816567,955.8122024,49.99906456,28.03818596
1/20/2023 19:00,228.7548198,811.0459269,1127.793652,49.98057408,32.21562505
1/20/2023 20:00,232.8827848,954.7693681,1035.486222,50.05620564,22.69133626
1/20/2023 21:00,231.5562508,757.6120673,1100.343893,50.04737632,39.53260663
1/20/2023 22:00,245.394404,841.6097177,943.5009387,49.96135612,11.613942
1/20/2023 23:00,235.5978746,1076.041466,997.505004,50.02035261,31.92918623
1/21/2023 0:00,229.360412,1078.580016,1136.685763,49.95141716,18.94139179
1/21/2023 1:00,225.2222978,1042.545756,1005.260022,49.93101909,42.19377906
1/21/2023 2:00,221.9677684,903.3023857,1257.235662,49.96866414,44.92515353
1/21/2023 3:00,231.0173182,995.2288644,1002.043658,50.04311967,17.33343412
1/21/2023 4:00,226.2182463,999.6397461,1076.962167,50.04765625,19.50442864
1/21/2023 5:00,222.8887315,884.1635311,1161.9109,50.02565427,33.59587887
1/21/2023 6:00,226.7671356,1150.33983,879.796112,50.03625479,21.1286935
1/21/2023 7:00,224.59226,1087.736229,838.7029426,50.02580891,24.54588782
1/21/2023 8:00,238.4357082,977.9035826,866.9212423,49.96792592,25.25388421
1/21/2023 9:00,234.4081988,1002.688584,1201.510092,50.02159613,5.803268438
1/21/2023 10:00,229.9601368,1020.838281,983.7770225,50.04002048,24.86162254
1/21/2023 11:00,237.3997207,795.8265132,1356.983914,50.03771457,18.10272226
1/21/2023 12:00,230.3868415,975.2822617,982.2902882,50.05944567,20.06877178
1/21/2023 13:00,225.693579,931.8015752,1072.146156,50.03541519,39.43632003
1/21/2023 14:00,237.6156204,899.837999,1235.053194,50.01757241,12.43493106
1/21/2023 15:00,232.6945502,971.8899707,1290.731147,50.05350751,33.13205187
1/21/2023 16:00,224.8137692,1179.768653,1297.380429,49.99867394,22.2103707
1/21/2023 17:00,229.0483066,1064.084286,1195.003948,49.95590627,22.20239832
1/21/2023 18:00,225.6219087,942.882101,1172.887503,49.99184665,32.90371896
1/21/2023 19:00,223.0860013,1057.258278,1121.103234,49.96275487,28.40051295
